<?xml version="1.0" encoding="UTF-8"?>
<metadata>
  <groupId>com.nimbusds</groupId>
  <artifactId>lang-tag</artifactId>
  <versioning>
    <latest>1.7</latest>
    <release>1.7</release>
    <versions>
      <version>1.1.1</version>
      <version>1.2</version>
      <version>1.3</version>
      <version>1.4</version>
      <version>1.4.1</version>
      <version>1.4.2</version>
      <version>1.4.3</version>
      <version>1.4.4</version>
      <version>1.5</version>
      <version>1.6</version>
      <version>1.7</version>
    </versions>
    <lastUpdated>20220706074004</lastUpdated>
  </versioning>
</metadata>
