<?xml version="1.0" encoding="UTF-8"?>
<metadata modelVersion="1.1.0">
  <groupId>net.minidev</groupId>
  <artifactId>json-smart</artifactId>
  <versioning>
    <latest>2.5.2</latest>
    <release>2.5.2</release>
    <versions>
      <version>1.0.6.3</version>
      <version>1.0.8</version>
      <version>1.0.9</version>
      <version>1.0.9-1</version>
      <version>1.1</version>
      <version>1.1.1</version>
      <version>1.2</version>
      <version>1.3</version>
      <version>1.3.1</version>
      <version>1.3.2</version>
      <version>1.3.3</version>
      <version>2.0-RC1</version>
      <version>2.0-RC2</version>
      <version>2.0-RC3</version>
      <version>2.0</version>
      <version>2.1.0</version>
      <version>2.1.1</version>
      <version>2.2</version>
      <version>2.2.1</version>
      <version>2.3</version>
      <version>2.3.1</version>
      <version>2.4.1</version>
      <version>2.4.2</version>
      <version>2.4.4</version>
      <version>2.4.5</version>
      <version>2.4.6</version>
      <version>2.4.7</version>
      <version>2.4.8</version>
      <version>2.4.9</version>
      <version>2.4.10</version>
      <version>2.4.11</version>
      <version>2.5.0</version>
      <version>2.5.1</version>
      <version>2.5.2</version>
    </versions>
    <lastUpdated>20250212151817</lastUpdated>
  </versioning>
</metadata>
