<?xml version="1.0" encoding="UTF-8"?>
<metadata>
  <groupId>com.nimbusds</groupId>
  <artifactId>nimbus-jose-jwt</artifactId>
  <versioning>
    <latest>10.0.2</latest>
    <release>10.0.2</release>
    <versions>
      <version>2.9</version>
      <version>2.10</version>
      <version>2.10.1</version>
      <version>2.11.0</version>
      <version>2.12.0</version>
      <version>2.13.0</version>
      <version>2.13.1</version>
      <version>2.14.0</version>
      <version>2.15.0</version>
      <version>2.15.1</version>
      <version>2.15.2</version>
      <version>2.16</version>
      <version>2.17</version>
      <version>2.17.1</version>
      <version>2.17.2</version>
      <version>2.18</version>
      <version>2.18.1</version>
      <version>2.18.2</version>
      <version>2.19</version>
      <version>2.19.1</version>
      <version>2.20</version>
      <version>2.21</version>
      <version>2.22</version>
      <version>2.22.1</version>
      <version>2.23</version>
      <version>2.24</version>
      <version>2.25</version>
      <version>2.26</version>
      <version>2.26.1</version>
      <version>3.0</version>
      <version>3.1</version>
      <version>3.1.1</version>
      <version>3.1.2</version>
      <version>3.2</version>
      <version>3.2.1</version>
      <version>3.2.2</version>
      <version>3.3</version>
      <version>3.4</version>
      <version>3.5</version>
      <version>3.6</version>
      <version>3.7</version>
      <version>3.8</version>
      <version>3.8.1</version>
      <version>3.8.2</version>
      <version>3.9</version>
      <version>3.9.1</version>
      <version>3.9.2</version>
      <version>3.10</version>
      <version>4.0-rc1</version>
      <version>4.0-rc2</version>
      <version>4.0-rc3</version>
      <version>4.0-rc4</version>
      <version>4.0</version>
      <version>4.0.1</version>
      <version>4.1</version>
      <version>4.1.1</version>
      <version>4.2</version>
      <version>4.3</version>
      <version>4.3.1</version>
      <version>4.4</version>
      <version>4.5</version>
      <version>4.6</version>
      <version>4.7</version>
      <version>4.8</version>
      <version>4.9</version>
      <version>4.10</version>
      <version>4.11</version>
      <version>4.11.1</version>
      <version>4.11.2</version>
      <version>4.12</version>
      <version>4.13</version>
      <version>4.13.1</version>
      <version>4.14</version>
      <version>4.15</version>
      <version>4.15.1</version>
      <version>4.16</version>
      <version>4.16.1</version>
      <version>4.16.2</version>
      <version>4.17</version>
      <version>4.18</version>
      <version>4.19</version>
      <version>4.20</version>
      <version>4.21</version>
      <version>4.22</version>
      <version>4.23</version>
      <version>4.24</version>
      <version>4.25</version>
      <version>4.26</version>
      <version>4.26.1</version>
      <version>4.27</version>
      <version>4.27.1</version>
      <version>4.28</version>
      <version>4.29</version>
      <version>4.30</version>
      <version>4.31.1</version>
      <version>4.32</version>
      <version>4.33</version>
      <version>4.34</version>
      <version>4.34.1</version>
      <version>4.34.2</version>
      <version>4.35</version>
      <version>4.36</version>
      <version>4.36.1</version>
      <version>4.37</version>
      <version>4.37.1</version>
      <version>4.38</version>
      <version>4.39</version>
      <version>4.39.1</version>
      <version>4.39.2</version>
      <version>4.40</version>
      <version>4.41</version>
      <version>4.41.1</version>
      <version>4.41.2</version>
      <version>4.41.3</version>
      <version>5.0</version>
      <version>5.1</version>
      <version>5.2</version>
      <version>5.3</version>
      <version>5.4</version>
      <version>5.5</version>
      <version>5.6</version>
      <version>5.7</version>
      <version>5.8</version>
      <version>5.9</version>
      <version>5.10</version>
      <version>5.11</version>
      <version>5.12</version>
      <version>5.13</version>
      <version>5.14</version>
      <version>6.0</version>
      <version>6.0.1</version>
      <version>6.0.2</version>
      <version>6.1</version>
      <version>6.1.1</version>
      <version>6.2</version>
      <version>6.3</version>
      <version>6.3.1</version>
      <version>6.4</version>
      <version>6.4.1</version>
      <version>6.4.2</version>
      <version>6.5</version>
      <version>6.5.1</version>
      <version>6.6</version>
      <version>6.7</version>
      <version>6.8</version>
      <version>7.0</version>
      <version>7.0.1</version>
      <version>7.1</version>
      <version>7.2.1</version>
      <version>7.3</version>
      <version>7.4</version>
      <version>7.5</version>
      <version>7.5.1</version>
      <version>7.6</version>
      <version>7.7</version>
      <version>7.8</version>
      <version>7.8.1</version>
      <version>7.9</version>
      <version>8.0</version>
      <version>8.1</version>
      <version>8.2</version>
      <version>8.2.1</version>
      <version>8.3</version>
      <version>8.4</version>
      <version>8.4.1</version>
      <version>8.5</version>
      <version>8.5.1</version>
      <version>8.6</version>
      <version>8.7</version>
      <version>8.8</version>
      <version>8.9</version>
      <version>8.10</version>
      <version>8.11</version>
      <version>8.12</version>
      <version>8.13</version>
      <version>8.14</version>
      <version>8.14.1</version>
      <version>8.15</version>
      <version>8.16</version>
      <version>8.17</version>
      <version>8.17.1</version>
      <version>8.18</version>
      <version>8.18.1</version>
      <version>8.19</version>
      <version>8.20</version>
      <version>8.20.1</version>
      <version>8.20.2</version>
      <version>8.21</version>
      <version>8.21.1</version>
      <version>8.22</version>
      <version>8.22.1</version>
      <version>8.23</version>
      <version>9.0</version>
      <version>9.0.1</version>
      <version>9.1</version>
      <version>9.1.1</version>
      <version>9.1.2</version>
      <version>9.1.3</version>
      <version>9.1.4</version>
      <version>9.1.5</version>
      <version>9.2</version>
      <version>9.3</version>
      <version>9.4</version>
      <version>9.4.1</version>
      <version>9.4.2</version>
      <version>9.5</version>
      <version>9.6</version>
      <version>9.6.1</version>
      <version>9.7</version>
      <version>9.8</version>
      <version>9.8.1</version>
      <version>9.9</version>
      <version>9.9.1</version>
      <version>9.9.2</version>
      <version>9.9.3</version>
      <version>9.10</version>
      <version>9.10.1</version>
      <version>9.11</version>
      <version>9.11.1</version>
      <version>9.11.2</version>
      <version>9.11.3</version>
      <version>9.12</version>
      <version>9.12.1</version>
      <version>9.13</version>
      <version>9.14</version>
      <version>9.15</version>
      <version>9.15.1</version>
      <version>9.15.2</version>
      <version>9.16</version>
      <version>9.16-preview.1</version>
      <version>9.16.1</version>
      <version>9.17</version>
      <version>9.18</version>
      <version>9.19</version>
      <version>9.20</version>
      <version>9.21</version>
      <version>9.21.1</version>
      <version>9.22</version>
      <version>9.23</version>
      <version>9.24</version>
      <version>9.24.1</version>
      <version>9.24.2</version>
      <version>9.24.3</version>
      <version>9.24.4</version>
      <version>9.25</version>
      <version>9.25.1</version>
      <version>9.25.2</version>
      <version>9.25.3</version>
      <version>9.25.4</version>
      <version>9.25.5</version>
      <version>9.25.6</version>
      <version>9.26</version>
      <version>9.27</version>
      <version>9.28</version>
      <version>9.29</version>
      <version>9.30</version>
      <version>9.30.1</version>
      <version>9.30.2</version>
      <version>9.31</version>
      <version>9.32</version>
      <version>9.33</version>
      <version>9.34</version>
      <version>9.35</version>
      <version>9.36</version>
      <version>9.37</version>
      <version>9.37.1</version>
      <version>9.37.2</version>
      <version>9.37.3</version>
      <version>9.38-rc1</version>
      <version>9.38-rc3</version>
      <version>9.38-rc4</version>
      <version>9.38-rc5</version>
      <version>9.38</version>
      <version>9.39</version>
      <version>9.39.1</version>
      <version>9.39.2</version>
      <version>9.39.3</version>
      <version>9.40</version>
      <version>9.41</version>
      <version>9.41.1</version>
      <version>9.41.2</version>
      <version>9.42</version>
      <version>9.43</version>
      <version>9.44</version>
      <version>9.45</version>
      <version>9.46</version>
      <version>9.47</version>
      <version>9.48</version>
      <version>10.0</version>
      <version>10.0.1</version>
      <version>10.0.2</version>
    </versions>
    <lastUpdated>20250225183439</lastUpdated>
  </versioning>
</metadata>
